[
    {
        "title": "\u201c11 teachers all at once?\u201d: Parents shocked by suspensions at Montreal school",
        "publication_date": "Published Oct 21, 2024",
        "author": "Jesse Feith",
        "blurb": "With a government report linking some of the teachers to the Muslim community, several Muslim parents with children at Bedford school said they fear the suspensions will fuel political discourse."
    },
    {
        "title": "PQ leader calls for stricter secularism rules in wake of 'toxic' climate report at Bedford school",
        "publication_date": "Published Oct 21, 2024",
        "author": "Philip Authier",
        "blurb": "Paul St-Pierre Plamondon says the education minister only referred to \"ideological divergences\" in a Radio-Canada interview, without acknowledging the religious part of the equation."
    },
    {
        "title": "Stu Cowan: Canadiens' Lane Hutson adjusting quickly to life in the NHL",
        "publication_date": "Published Oct 21, 2024",
        "author": "Stu Cowan",
        "blurb": "Living with his mother for the first time since he left home at age 16 to pursue his hockey career is helping 20-year-old defenceman."
    },
    {
        "title": "Allison Hanes: Plans to strengthen French have been feel-good at best, punitive at worst",
        "publication_date": "Published Oct 21, 2024",
        "author": "Allison Hanes",
        "blurb": "By failing to meet the demand for language courses from new immigrants, Quebec is denying them a chance to be part of this francophone society."
    },
    {
        "title": "Pat Hickey: Amazon's Monday Night Hockey shows it's serious about broadcasting NHL games",
        "publication_date": "Published Oct 19, 2024",
        "author": "Pat Hickey",
        "blurb": "Amazon is testing the waters before a bid for national NHL rights when the current deal with Rogers expires in 2026."
    }
]